"","X","Code","Country","lon","lat"
"1",1,"AD","Andorra",1.521801,42.506285
"2",2,"AE","United Arab Emirates",53.847818,23.424076
"3",3,"AF","Afghanistan",67.709953,33.93911
"4",4,"AG","Antigua and Barbuda",-61.796428,17.060816
"5",5,"AI","Anguilla",-63.068615,18.220554
"6",6,"AL","Albania",20.168331,41.153332
"7",7,"AM","Armenia",45.038189,40.069099
"8",8,"AN","Netherlands Antilles",-68.2623822,12.2018902
"9",9,"AO","Angola",17.873887,-11.202692
"10",10,"AQ","Antarctica",135,-82.8627519
"11",11,"AR","Argentina",-63.616672,-38.416097
"12",13,"AS","American Samoa",-170.6961815,-14.3016396
"13",14,"AT","Austria",14.550072,47.516231
"14",15,"AU","Australia",133.775136,-25.274398
"15",16,"AW","Aruba",-69.968338,12.52111
"16",17,"AZ","Azerbaidjan",47.576927,40.143105
"17",18,"BA","Bosnia-Herzegovina",17.679076,43.915886
"18",19,"BB","Barbados",-59.543198,13.193887
"19",20,"BD","Bangladesh",90.356331,23.684994
"20",21,"BE","Belgium",4.469936,50.503887
"21",22,"BF","Burkina Faso",-1.561593,12.238333
"22",23,"BG","Bulgaria",25.48583,42.733883
"23",24,"BH","Bahrain",50.5577,26.0667
"24",25,"BI","Burundi",29.918886,-3.373056
"25",26,"BJ","Benin",2.315834,9.30769
"26",27,"BM","Bermuda",-64.7505,32.3078
"27",28,"BN","Brunei Darussalam",114.727669,4.535277
"28",29,"BO","Bolivia",-63.588653,-16.290154
"29",30,"BR","Brazil",-51.92528,-14.235004
"30",31,"BS","Bahamas",-77.39628,25.03428
"31",32,"BT","Bhutan",90.433601,27.514162
"32",33,"BV","Bouvet Island",3.3464497,-54.4207915
"33",34,"BW","Botswana",24.684866,-22.328474
"34",35,"BY","Belarus",27.953389,53.709807
"35",36,"BZ","Belize",-88.49765,17.189877
"36",37,"CA","Canada",-106.346771,56.130366
"37",38,"CC","Cocos (Keeling) Islands",96.8417478,-12.1706919
"38",39,"CF","Central African Republic",20.939444,6.611111
"39",40,"CG","Congo",21.758664,-4.038333
"40",41,"CH","Switzerland",8.227512,46.818188
"41",42,"CI","Ivory Coast (Cote D'Ivoire)",-5.54708,7.539989
"42",43,"CK","Cook Islands",-159.777671,-21.236736
"43",44,"CL","Chile",-71.542969,-35.675147
"44",45,"CM","Cameroon",12.354722,7.369722
"45",46,"CN","China",104.195397,35.86166
"46",47,"CO","Colombia",-74.297333,4.570868
"47",49,"CR","Costa Rica",-83.753428,9.748917
"48",50,"CS","Former Czechoslovakia",121.0390178,14.4803708
"49",51,"CU","Cuba",-77.781167,21.521757
"50",52,"CV","Cape Verde",-23.6051868,15.120142
"51",53,"CX","Christmas Island",105.690449,-10.447525
"52",54,"CY","Cyprus",33.429859,35.126413
"53",55,"CZ","Czech Republic",15.472962,49.817492
"54",56,"DE","Germany",10.451526,51.165691
"55",57,"DJ","Djibouti",42.590275,11.825138
"56",58,"DK","Denmark",9.501785,56.26392
"57",59,"DM","Dominica",-61.370976,15.414999
"58",60,"DO","Dominican Republic",-70.162651,18.735693
"59",61,"DZ","Algeria",1.659626,28.033886
"60",62,"EC","Ecuador",-78.183406,-1.831239
"61",64,"EE","Estonia",25.013607,58.595272
"62",65,"EG","Egypt",30.802498,26.820553
"63",66,"EH","Western Sahara",-12.885834,24.215527
"64",67,"ER","Eritrea",39.782334,15.179384
"65",68,"ES","Spain",-3.74922,40.463667
"66",69,"ET","Ethiopia",40.489673,9.145
"67",70,"FI","Finland",25.748151,61.92411
"68",71,"FJ","Fiji",178.065032,-17.713371
"69",72,"FK","Falkland Islands",-59.523613,-51.796253
"70",73,"FM","Micronesia",158.2225229,6.8874581
"71",74,"FO","Faroe Islands",-6.911806,61.892635
"72",75,"FR","France",2.213749,46.227638
"73",77,"GA","Gabon",11.609444,-0.803689
"74",78,"GB","Great Britain",-2.0727839,53.7190281
"75",79,"GD","Grenada",-61.679,12.1165
"76",80,"GE","Georgia",43.356892,42.315407
"77",81,"GF","French Guyana",-53.125782,3.933889
"78",82,"GH","Ghana",-1.023194,7.946527
"79",83,"GI","Gibraltar",-5.353585,36.140751
"80",84,"GL","Greenland",-42.604303,71.706936
"81",85,"GM","Gambia",-15.310139,13.443182
"82",86,"GN","Guinea",-9.696645,9.945587
"83",88,"GP","Guadeloupe (French)",-61.551,16.265
"84",89,"GQ","Equatorial Guinea",10.267895,1.650801
"85",90,"GR","Greece",21.824312,39.074208
"86",91,"GS","S. Georgia & S. Sandwich Isls.",-36.587909,-54.429579
"87",92,"GT","Guatemala",-90.230759,15.783471
"88",93,"GU","Guam (USA)",144.793731,13.444304
"89",94,"GW","Guinea Bissau",-15.180413,11.803749
"90",95,"GY","Guyana",-58.93018,4.860416
"91",96,"HK","Hong Kong",114.109497,22.396428
"92",98,"HN","Honduras",-86.241905,15.199999
"93",99,"HR","Croatia",15.2,45.1
"94",100,"HT","Haiti",-72.285215,18.971187
"95",101,"HU","Hungary",19.503304,47.162494
"96",102,"ID","Indonesia",113.921327,-0.789275
"97",103,"IE","Ireland",-7.6920536,53.1423672
"98",104,"IL","Israel",34.851612,31.046051
"99",105,"IN","India",78.96288,20.593684
"100",107,"IO","British Indian Ocean Territory",72.4242508,-7.3346232
"101",108,"IQ","Iraq",43.679291,33.223191
"102",109,"IR","Iran",53.688046,32.427908
"103",110,"IS","Iceland",-19.020835,64.963051
"104",111,"IT","Italy",12.56738,41.87194
"105",112,"JM","Jamaica",-77.297508,18.109581
"106",113,"JO","Jordan",36.238414,30.585164
"107",114,"JP","Japan",138.252924,36.204824
"108",115,"KE","Kenya",37.906193,-0.023559
"109",116,"KG","Kyrgyzstan",74.766098,41.20438
"110",117,"KH","Cambodia",104.990963,12.565679
"111",118,"KI","Kiribati",-157.3628595,1.8709422
"112",119,"KM","Comoros",43.3333,-11.6455
"113",120,"KN","Saint Kitts & Nevis Anguilla",-62.7559043,17.3433796
"114",121,"KP","North Korea",127.510093,40.339852
"115",122,"KR","South Korea",127.766922,35.907757
"116",123,"KW","Kuwait",47.481766,29.31166
"117",124,"KY","Cayman Islands",-81.2546,19.3133
"118",125,"KZ","Kazakhstan",66.923684,48.019573
"119",126,"LA","Laos",102.495496,19.85627
"120",127,"LB","Lebanon",35.862285,33.854721
"121",128,"LC","Saint Lucia",-60.978893,13.909444
"122",129,"LI","Liechtenstein",9.555373,47.166
"123",130,"LK","Sri Lanka",80.771797,7.873054
"124",131,"LR","Liberia",-9.429499,6.428055
"125",132,"LS","Lesotho",28.233608,-29.609988
"126",133,"LT","Lithuania",23.881275,55.169438
"127",134,"LU","Luxembourg",6.129583,49.815273
"128",135,"LV","Latvia",24.603189,56.879635
"129",136,"LY","Libya",17.228331,26.3351
"130",137,"MA","Morocco",-7.09262,31.791702
"131",138,"MC","Monaco",7.4246158,43.7384176
"132",139,"MD","Moldavia",28.369885,47.411631
"133",140,"MG","Madagascar",46.869107,-18.766947
"134",141,"MH","Marshall Islands",166.8417424,11.3246908
"135",143,"MK","Macedonia",21.745275,41.608635
"136",144,"ML","Mali",-3.996166,17.570692
"137",145,"MM","Myanmar",95.955974,21.916221
"138",146,"MN","Mongolia",103.846656,46.862496
"139",147,"MO","Macau",113.543873,22.198745
"140",148,"MP","Northern Mariana Islands",145.6739,15.0979
"141",149,"MQ","Martinique (French)",-61.024174,14.641528
"142",150,"MR","Mauritania",-10.940835,21.00789
"143",151,"MS","Montserrat",-62.187366,16.742498
"144",152,"MT","Malta",14.375416,35.937496
"145",153,"MU","Mauritius",57.552152,-20.348404
"146",154,"MV","Maldives",73.536101,1.9772276
"147",155,"MW","Malawi",34.301525,-13.254308
"148",156,"MX","Mexico",-102.552784,23.634501
"149",157,"MY","Malaysia",101.975766,4.210484
"150",158,"MZ","Mozambique",35.529562,-18.665695
"151",159,"NA","Namibia",18.49041,-22.95764
"152",161,"NC","New Caledonia (French)",165.618042,-20.904305
"153",162,"NE","Niger",8.081666,17.607789
"154",164,"NF","Norfolk Island",167.954712,-29.040835
"155",165,"NG","Nigeria",8.675277,9.081999
"156",166,"NI","Nicaragua",-85.207229,12.865416
"157",167,"NL","Netherlands",5.291266,52.132633
"158",168,"NO","Norway",8.468946,60.472024
"159",169,"NP","Nepal",84.124008,28.394857
"160",170,"NR","Nauru",166.931503,-0.522778
"161",172,"NU","Niue",-169.867233,-19.054445
"162",173,"NZ","New Zealand",174.885971,-40.900557
"163",174,"OM","Oman",55.975413,21.4735329
"164",176,"PA","Panama",-80.782127,8.537981
"165",177,"PE","Peru",-75.015152,-9.189967
"166",178,"PF","Polynesia (French)",-149.406843,-17.679742
"167",179,"PG","Papua New Guinea",143.95555,-6.314993
"168",180,"PH","Philippines",121.774017,12.879721
"169",181,"PK","Pakistan",69.345116,30.375321
"170",182,"PL","Poland",19.145136,51.919438
"171",183,"PM","Saint Pierre and Miquelon",-56.3159,46.8852
"172",184,"PN","Pitcairn Island",-128.3242376,-24.3767537
"173",185,"PR","Puerto Rico",-66.590149,18.220833
"174",186,"PT","Portugal",-8.224454,39.399872
"175",187,"PW","Palau",134.58252,7.51498
"176",188,"PY","Paraguay",-58.443832,-23.442503
"177",189,"QA","Qatar",51.183884,25.354826
"178",190,"RE","Reunion (French)",55.4703811,-21.3358991
"179",191,"RO","Romania",24.96676,45.943161
"180",192,"RU","Russian Federation",105.318756,61.52401
"181",193,"RW","Rwanda",29.873888,-1.940278
"182",194,"SA","Saudi Arabia",45.079162,23.885942
"183",195,"SB","Solomon Islands",160.156194,-9.64571
"184",196,"SC","Seychelles",55.491977,-4.679574
"185",197,"SD","Sudan",30.217636,12.862807
"186",198,"SE","Sweden",18.643501,60.128161
"187",199,"SG","Singapore",103.819836,1.352083
"188",200,"SH","Saint Helena",-5.7115281,-15.9654353
"189",201,"SI","Slovenia",14.995463,46.151241
"190",202,"SJ","Svalbard and Jan Mayen Islands",23.670272,77.553604
"191",203,"SK","Slovak Republic",19.699024,48.669026
"192",204,"SL","Sierra Leone",-11.779889,8.460555
"193",205,"SM","San Marino",12.457777,43.94236
"194",206,"SN","Senegal",-14.452362,14.497401
"195",207,"SO","Somalia",46.199616,5.152149
"196",208,"SR","Suriname",-56.027783,3.919305
"197",209,"ST","Saint Tome (Sao Tome) and Principe",6.733343,0.3301924
"198",210,"SU","Former USSR",35.0002799,32.8082976
"199",211,"SV","El Salvador",-88.89653,13.794185
"200",212,"SY","Syria",38.996815,34.802075
"201",213,"SZ","Swaziland",31.465866,-26.522503
"202",214,"TC","Turks and Caicos Islands",-71.797928,21.694025
"203",215,"TD","Chad",18.732207,15.454166
"204",216,"TF","French Southern Territories",69.348557,-49.280366
"205",217,"TG","Togo",0.824782,8.619543
"206",218,"TH","Thailand",100.992541,15.870032
"207",219,"TJ","Tadjikistan",71.276093,38.861034
"208",220,"TK","Tokelau",-171.8484,-9.2002
"209",221,"TM","Turkmenistan",59.556278,38.969719
"210",222,"TN","Tunisia",9.537499,33.886917
"211",223,"TO","Tonga",-175.198242,-21.178986
"212",225,"TR","Turkey",35.243322,38.963745
"213",226,"TT","Trinidad and Tobago",-61.222503,10.691803
"214",227,"TV","Tuvalu",178.679924,-7.4784205
"215",228,"TW","Taiwan",120.960515,23.69781
"216",229,"TZ","Tanzania",34.888822,-6.369028
"217",230,"UA","Ukraine",31.16558,48.379433
"218",231,"UG","Uganda",32.290275,1.373333
"219",233,"UM","USA Minor Outlying Islands",166.647047,19.2823192
"220",234,"US","United States",-95.712891,37.09024
"221",235,"UY","Uruguay",-55.765835,-32.522779
"222",236,"UZ","Uzbekistan",64.585262,41.377491
"223",237,"VA","Vatican City State",12.453389,41.902916
"224",238,"VC","Saint Vincent & Grenadines",7.6420804,45.7515707
"225",239,"VE","Venezuela",-66.58973,6.42375
"226",240,"VG","Virgin Islands (British)",-64.639968,18.420695
"227",241,"VI","Virgin Islands (USA)",-64.896335,18.335765
"228",242,"VN","Vietnam",108.277199,14.058324
"229",243,"VU","Vanuatu",166.959158,-15.376706
"230",244,"WF","Wallis and Futuna Islands",-178.1165,-14.2938
"231",245,"WS","Samoa",-172.104629,-13.759029
"232",246,"YE","Yemen",48.516388,15.552727
"233",247,"YT","Mayotte",45.166244,-12.8275
"234",248,"YU","Yugoslavia",4.283494,52.09381
"235",249,"ZA","South Africa",22.937506,-30.559482
"236",250,"ZM","Zambia",27.849332,-13.133897
"237",252,"ZW","Zimbabwe",29.154857,-19.015438
"238",253,"RS","Serbia",21.005859,44.016521
"239",254,"ME","Montenegro",19.37439,42.708678
"240",255,"IM","Isle of Man",-4.548056,54.236107
"241",256,"GG","Guernsey",-2.585278,49.465691
"242",257,"JE","Jersey",-2.13125,49.214439
"243",258,"CD","Democratic Republic of the Congo",21.758664,-4.038333
"244",259,"CW","Curacao",-68.99002,12.16957
"245",260,"MF","Collectivity of Saint Martin",-63.052251,18.08255
"246",261,"BQ","Caribbean Netherlands",-68.2385339,12.1783611
"247",262,"CP","Clipper Island",-109.2166667,10.2833333
"248",263,"BL","Saint Barthelemy",-62.833333,17.9
"249",264,"TL","Timor-Leste",125.727539,-8.874217
"250",265,"KV","Kosovo",20.902977,42.6026359
"251",266,"SX","Sint Maarten",-63.05483,18.04248
